pod,timestamp,value
eric-bss-cil-database-cd-cil1-rack1-0,1669203495.286,0.043388627
eric-bss-cil-database-cd-cil1-rack2-0,1669203495.286,0.001131752
eric-bss-cil-database-cd-cil1-rack3-0,1669203495.286,0.000785939
eric-bss-cil-database-cd-cil1-rack4-0,1669203495.286,0.000943127
eric-bss-cil-database-cd-cil1-rack1-0,1669203502.286,0.02510916
eric-bss-cil-database-cd-cil1-rack2-0,1669203502.286,0.001131752
eric-bss-cil-database-cd-cil1-rack3-0,1669203502.286,0.000785939
eric-bss-cil-database-cd-cil1-rack4-0,1669203502.286,0.000943127
eric-bss-cil-database-cd-cil1-rack1-0,1669203509.286,0.02510916
eric-bss-cil-database-cd-cil1-rack2-0,1669203509.286,0.001131752
eric-bss-cil-database-cd-cil1-rack3-0,1669203509.286,0.000785939
eric-bss-cil-database-cd-cil1-rack4-0,1669203509.286,0.000943127
eric-bss-cil-database-cd-cil1-rack1-0,1669203516.286,0.0209243
eric-bss-cil-database-cd-cil1-rack2-0,1669203516.286,0.001131752
eric-bss-cil-database-cd-cil1-rack3-0,1669203516.286,0.001358102
eric-bss-cil-database-cd-cil1-rack4-0,1669203516.286,0.000943127
eric-bss-cil-database-cd-cil1-rack1-0,1669203523.286,0.0209243
eric-bss-cil-database-cd-cil1-rack2-0,1669203523.286,0.001131752
eric-bss-cil-database-cd-cil1-rack3-0,1669203523.286,0.001358102
eric-bss-cil-database-cd-cil1-rack4-0,1669203523.286,0.000943127
eric-bss-cil-database-cd-cil1-rack1-0,1669203530.286,0.02510916
eric-bss-cil-database-cd-cil1-rack2-0,1669203530.286,0.001131752
eric-bss-cil-database-cd-cil1-rack3-0,1669203530.286,0.001358102
eric-bss-cil-database-cd-cil1-rack4-0,1669203530.286,0.001629722
eric-bss-cil-database-cd-cil1-rack1-0,1669203537.286,0.02510916
eric-bss-cil-database-cd-cil1-rack2-0,1669203537.286,0.001131752
eric-bss-cil-database-cd-cil1-rack3-0,1669203537.286,0.001358102
eric-bss-cil-database-cd-cil1-rack4-0,1669203537.286,0.001629722
eric-bss-cil-database-cd-cil1-rack1-0,1669203544.286,0.02510916
eric-bss-cil-database-cd-cil1-rack2-0,1669203544.286,0.002816159
eric-bss-cil-database-cd-cil1-rack3-0,1669203544.286,0.001358102
eric-bss-cil-database-cd-cil1-rack4-0,1669203544.286,0.01210897
eric-bss-cil-database-cd-cil1-rack1-0,1669203551.286,0.02510916
eric-bss-cil-database-cd-cil1-rack2-0,1669203551.286,0.002816159
eric-bss-cil-database-cd-cil1-rack3-0,1669203551.286,0.001358102
eric-bss-cil-database-cd-cil1-rack4-0,1669203551.286,0.01210897
eric-bss-cil-database-cd-cil1-rack1-0,1669203558.286,0.030130992
eric-bss-cil-database-cd-cil1-rack2-0,1669203558.286,0.002816159
eric-bss-cil-database-cd-cil1-rack3-0,1669203558.286,0.004055269
eric-bss-cil-database-cd-cil1-rack4-0,1669203558.286,0.01210897
eric-bss-cil-database-cd-cil1-rack1-0,1669203565.286,0.030130992
eric-bss-cil-database-cd-cil1-rack2-0,1669203565.286,0.002816159
eric-bss-cil-database-cd-cil1-rack3-0,1669203565.286,0.004055269
eric-bss-cil-database-cd-cil1-rack4-0,1669203565.286,0.01210897
eric-bss-cil-database-cd-cil1-rack1-0,1669203572.286,0.030130992
eric-bss-cil-database-cd-cil1-rack2-0,1669203572.286,0.002816159
eric-bss-cil-database-cd-cil1-rack3-0,1669203572.286,0.004055269
eric-bss-cil-database-cd-cil1-rack4-0,1669203572.286,0.010090808
eric-bss-cil-database-cd-cil1-rack1-0,1669203579.286,0.030130992
eric-bss-cil-database-cd-cil1-rack2-0,1669203579.286,0.003379391
eric-bss-cil-database-cd-cil1-rack3-0,1669203579.286,0.005839588
eric-bss-cil-database-cd-cil1-rack4-0,1669203579.286,0.010090808
eric-bss-cil-database-cd-cil1-rack1-0,1669203586.286,0.03615719
eric-bss-cil-database-cd-cil1-rack2-0,1669203586.286,0.003379391
eric-bss-cil-database-cd-cil1-rack3-0,1669203586.286,0.005839588
eric-bss-cil-database-cd-cil1-rack4-0,1669203586.286,0.010090808
eric-bss-cil-database-cd-cil1-rack1-0,1669203593.286,0.03615719
eric-bss-cil-database-cd-cil1-rack2-0,1669203593.286,0.003379391
eric-bss-cil-database-cd-cil1-rack3-0,1669203593.286,0.005839588
eric-bss-cil-database-cd-cil1-rack4-0,1669203593.286,0.010090808
eric-bss-cil-database-cd-cil1-rack1-0,1669203600.286,0.03615719
eric-bss-cil-database-cd-cil1-rack2-0,1669203600.286,0.003379391
eric-bss-cil-database-cd-cil1-rack3-0,1669203600.286,0.005839588
eric-bss-cil-database-cd-cil1-rack4-0,1669203600.286,0.004866323
eric-bss-cil-database-cd-cil1-rack1-0,1669203607.286,0.030130992
eric-bss-cil-database-cd-cil1-rack2-0,1669203607.286,0.003379391
eric-bss-cil-database-cd-cil1-rack3-0,1669203607.286,0.005839588
eric-bss-cil-database-cd-cil1-rack4-0,1669203607.286,0.004866323
eric-bss-cil-database-cd-cil1-rack1-0,1669203614.286,0.030130992
eric-bss-cil-database-cd-cil1-rack2-0,1669203614.286,0.003379391
eric-bss-cil-database-cd-cil1-rack3-0,1669203614.286,0.005839588
eric-bss-cil-database-cd-cil1-rack4-0,1669203614.286,0.004866323
eric-bss-cil-database-cd-cil1-rack1-0,1669203621.286,0.03615719
eric-bss-cil-database-cd-cil1-rack2-0,1669203621.286,0.003379391
eric-bss-cil-database-cd-cil1-rack3-0,1669203621.286,0.005839588
eric-bss-cil-database-cd-cil1-rack4-0,1669203621.286,0.014530764
eric-bss-cil-database-cd-cil1-rack1-0,1669203628.286,0.03615719
eric-bss-cil-database-cd-cil1-rack2-0,1669203628.286,0.003379391
eric-bss-cil-database-cd-cil1-rack3-0,1669203628.286,0.005839588
eric-bss-cil-database-cd-cil1-rack4-0,1669203628.286,0.014530764
eric-bss-cil-database-cd-cil1-rack1-0,1669203635.286,0.03615719
eric-bss-cil-database-cd-cil1-rack2-0,1669203635.286,0.000943127
eric-bss-cil-database-cd-cil1-rack3-0,1669203635.286,0.001629722
eric-bss-cil-database-cd-cil1-rack4-0,1669203635.286,0.014530764
eric-bss-cil-database-cd-cil1-rack1-0,1669203642.286,0.03615719
eric-bss-cil-database-cd-cil1-rack2-0,1669203642.286,0.000943127
eric-bss-cil-database-cd-cil1-rack3-0,1669203642.286,0.001629722
eric-bss-cil-database-cd-cil1-rack4-0,1669203642.286,0.014530764
eric-bss-cil-database-cd-cil1-rack1-0,1669203649.286,0.03615719
eric-bss-cil-database-cd-cil1-rack2-0,1669203649.286,0.001629722
eric-bss-cil-database-cd-cil1-rack3-0,1669203649.286,0.001629722
eric-bss-cil-database-cd-cil1-rack4-0,1669203649.286,0.014530764
eric-bss-cil-database-cd-cil1-rack1-0,1669203656.286,0.03615719
eric-bss-cil-database-cd-cil1-rack2-0,1669203656.286,0.001629722
eric-bss-cil-database-cd-cil1-rack3-0,1669203656.286,0.001629722
eric-bss-cil-database-cd-cil1-rack4-0,1669203656.286,0.014530764
eric-bss-cil-database-cd-cil1-rack1-0,1669203663.286,0.03615719
eric-bss-cil-database-cd-cil1-rack2-0,1669203663.286,0.001629722
eric-bss-cil-database-cd-cil1-rack3-0,1669203663.286,0.002346799
eric-bss-cil-database-cd-cil1-rack4-0,1669203663.286,0.014530764
eric-bss-cil-database-cd-cil1-rack1-0,1669203670.286,0.03615719
eric-bss-cil-database-cd-cil1-rack2-0,1669203670.286,0.001629722
eric-bss-cil-database-cd-cil1-rack3-0,1669203670.286,0.002346799
eric-bss-cil-database-cd-cil1-rack4-0,1669203670.286,0.014530764
eric-bss-cil-database-cd-cil1-rack1-0,1669203677.286,0.03615719
eric-bss-cil-database-cd-cil1-rack2-0,1669203677.286,0.001629722
eric-bss-cil-database-cd-cil1-rack3-0,1669203677.286,0.002346799
eric-bss-cil-database-cd-cil1-rack4-0,1669203677.286,0.01210897
eric-bss-cil-database-cd-cil1-rack1-0,1669203684.286,0.03615719
eric-bss-cil-database-cd-cil1-rack2-0,1669203684.286,0.001629722
eric-bss-cil-database-cd-cil1-rack3-0,1669203684.286,0.002346799
eric-bss-cil-database-cd-cil1-rack4-0,1669203684.286,0.01210897
eric-bss-cil-database-cd-cil1-rack1-0,1669203691.286,0.03615719
eric-bss-cil-database-cd-cil1-rack2-0,1669203691.286,0.001629722
eric-bss-cil-database-cd-cil1-rack3-0,1669203691.286,0.002346799
eric-bss-cil-database-cd-cil1-rack4-0,1669203691.286,0.01210897
eric-bss-cil-database-cd-cil1-rack1-0,1669203698.286,0.03615719
eric-bss-cil-database-cd-cil1-rack2-0,1669203698.286,0.001629722
eric-bss-cil-database-cd-cil1-rack3-0,1669203698.286,0.002346799
eric-bss-cil-database-cd-cil1-rack4-0,1669203698.286,0.01210897
eric-bss-cil-database-cd-cil1-rack1-0,1669203705.286,0.03615719
eric-bss-cil-database-cd-cil1-rack2-0,1669203705.286,0.001629722
eric-bss-cil-database-cd-cil1-rack3-0,1669203705.286,0.002346799
eric-bss-cil-database-cd-cil1-rack4-0,1669203705.286,0.01210897
eric-bss-cil-database-cd-cil1-rack1-0,1669203712.286,0.03615719
eric-bss-cil-database-cd-cil1-rack2-0,1669203712.286,0.001358102
eric-bss-cil-database-cd-cil1-rack3-0,1669203712.286,0.002346799
eric-bss-cil-database-cd-cil1-rack4-0,1669203712.286,0.01210897
eric-bss-cil-database-cd-cil1-rack1-0,1669203719.286,0.03615719
eric-bss-cil-database-cd-cil1-rack2-0,1669203719.286,0.001358102
eric-bss-cil-database-cd-cil1-rack3-0,1669203719.286,0.002346799
eric-bss-cil-database-cd-cil1-rack4-0,1669203719.286,0.01210897
eric-bss-cil-database-cd-cil1-rack1-0,1669203726.286,0.03615719
eric-bss-cil-database-cd-cil1-rack2-0,1669203726.286,0.001358102
eric-bss-cil-database-cd-cil1-rack3-0,1669203726.286,0.10796479
eric-bss-cil-database-cd-cil1-rack4-0,1669203726.286,0.01210897
eric-bss-cil-database-cd-cil1-rack1-0,1669203733.286,0.03615719
eric-bss-cil-database-cd-cil1-rack2-0,1669203733.286,0.001358102
eric-bss-cil-database-cd-cil1-rack3-0,1669203733.286,0.10796479
eric-bss-cil-database-cd-cil1-rack4-0,1669203733.286,0.01210897
eric-bss-cil-database-cd-cil1-rack1-0,1669203740.286,0.043388627
eric-bss-cil-database-cd-cil1-rack2-0,1669203740.286,0.001358102
eric-bss-cil-database-cd-cil1-rack3-0,1669203740.286,0.10796479
eric-bss-cil-database-cd-cil1-rack4-0,1669203740.286,0.001629722
eric-bss-cil-database-cd-cil1-rack1-0,1669203747.286,0.043388627
eric-bss-cil-database-cd-cil1-rack2-0,1669203747.286,0.001358102
eric-bss-cil-database-cd-cil1-rack3-0,1669203747.286,0.10796479
eric-bss-cil-database-cd-cil1-rack4-0,1669203747.286,0.001629722
eric-bss-cil-database-cd-cil1-rack1-0,1669203754.286,0.043388627
eric-bss-cil-database-cd-cil1-rack2-0,1669203754.286,0.001358102
eric-bss-cil-database-cd-cil1-rack3-0,1669203754.286,0.10796479
eric-bss-cil-database-cd-cil1-rack4-0,1669203754.286,0.001629722
eric-bss-cil-database-cd-cil1-rack1-0,1669203761.286,0.043388627
eric-bss-cil-database-cd-cil1-rack2-0,1669203761.286,0.001358102
eric-bss-cil-database-cd-cil1-rack3-0,1669203761.286,0.10796479
eric-bss-cil-database-cd-cil1-rack4-0,1669203761.286,0.001629722
eric-bss-cil-database-cd-cil1-rack1-0,1669203768.286,0.043388627
eric-bss-cil-database-cd-cil1-rack2-0,1669203768.286,0.001358102
eric-bss-cil-database-cd-cil1-rack3-0,1669203768.286,0.10796479
eric-bss-cil-database-cd-cil1-rack4-0,1669203768.286,0.002346799
eric-bss-cil-database-cd-cil1-rack1-0,1669203775.286,0.043388627
eric-bss-cil-database-cd-cil1-rack2-0,1669203775.286,0.002346799
eric-bss-cil-database-cd-cil1-rack3-0,1669203775.286,0.10796479
eric-bss-cil-database-cd-cil1-rack4-0,1669203775.286,0.002346799
eric-bss-cil-database-cd-cil1-rack1-0,1669203782.286,0.043388627
eric-bss-cil-database-cd-cil1-rack2-0,1669203782.286,0.002346799
eric-bss-cil-database-cd-cil1-rack3-0,1669203782.286,0.10796479
eric-bss-cil-database-cd-cil1-rack4-0,1669203782.286,0.002346799
eric-bss-cil-database-cd-cil1-rack1-0,1669203789.286,0.043388627
eric-bss-cil-database-cd-cil1-rack2-0,1669203789.286,0.01210897
eric-bss-cil-database-cd-cil1-rack3-0,1669203789.286,0.002346799
eric-bss-cil-database-cd-cil1-rack4-0,1669203789.286,0.002346799
eric-bss-cil-database-cd-cil1-rack1-0,1669203796.286,0.043388627
eric-bss-cil-database-cd-cil1-rack2-0,1669203796.286,0.01210897
eric-bss-cil-database-cd-cil1-rack3-0,1669203796.286,0.002346799
eric-bss-cil-database-cd-cil1-rack4-0,1669203796.286,0.002346799
eric-bss-cil-database-cd-cil1-rack1-0,1669203803.286,0.043388627
eric-bss-cil-database-cd-cil1-rack2-0,1669203803.286,0.01210897
eric-bss-cil-database-cd-cil1-rack3-0,1669203803.286,0.002346799
eric-bss-cil-database-cd-cil1-rack4-0,1669203803.286,0.002346799
eric-bss-cil-database-cd-cil1-rack1-0,1669203810.286,0.043388627
eric-bss-cil-database-cd-cil1-rack2-0,1669203810.286,0.01210897
eric-bss-cil-database-cd-cil1-rack3-0,1669203810.286,0.002346799
eric-bss-cil-database-cd-cil1-rack4-0,1669203810.286,0.002346799
eric-bss-cil-database-cd-cil1-rack1-0,1669203817.286,0.043388627
eric-bss-cil-database-cd-cil1-rack2-0,1669203817.286,0.002346799
eric-bss-cil-database-cd-cil1-rack3-0,1669203817.286,0.002346799
eric-bss-cil-database-cd-cil1-rack4-0,1669203817.286,0.002346799
eric-bss-cil-database-cd-cil1-rack1-0,1669203824.286,0.043388627
eric-bss-cil-database-cd-cil1-rack2-0,1669203824.286,0.002346799
eric-bss-cil-database-cd-cil1-rack3-0,1669203824.286,0.002346799
eric-bss-cil-database-cd-cil1-rack4-0,1669203824.286,0.002346799
eric-bss-cil-database-cd-cil1-rack1-0,1669203831.286,0.03615719
eric-bss-cil-database-cd-cil1-rack2-0,1669203831.286,0.001955666
eric-bss-cil-database-cd-cil1-rack3-0,1669203831.286,0.002816159
eric-bss-cil-database-cd-cil1-rack4-0,1669203831.286,0.004055269
eric-bss-cil-database-cd-cil1-rack1-0,1669203838.286,0.03615719
eric-bss-cil-database-cd-cil1-rack2-0,1669203838.286,0.001955666
eric-bss-cil-database-cd-cil1-rack3-0,1669203838.286,0.002816159
eric-bss-cil-database-cd-cil1-rack4-0,1669203838.286,0.004055269
eric-bss-cil-database-cd-cil1-rack1-0,1669203845.286,0.043388627
eric-bss-cil-database-cd-cil1-rack2-0,1669203845.286,0.002816159
eric-bss-cil-database-cd-cil1-rack3-0,1669203845.286,0.003379391
eric-bss-cil-database-cd-cil1-rack4-0,1669203845.286,0.004055269
eric-bss-cil-database-cd-cil1-rack1-0,1669203852.286,0.043388627
eric-bss-cil-database-cd-cil1-rack2-0,1669203852.286,0.002816159
eric-bss-cil-database-cd-cil1-rack3-0,1669203852.286,0.003379391
eric-bss-cil-database-cd-cil1-rack4-0,1669203852.286,0.004055269
eric-bss-cil-database-cd-cil1-rack1-0,1669203859.286,0.043388627
eric-bss-cil-database-cd-cil1-rack2-0,1669203859.286,0.002816159
eric-bss-cil-database-cd-cil1-rack3-0,1669203859.286,0.003379391
eric-bss-cil-database-cd-cil1-rack4-0,1669203859.286,0.005839588
eric-bss-cil-database-cd-cil1-rack1-0,1669203866.286,0.043388627
eric-bss-cil-database-cd-cil1-rack2-0,1669203866.286,0.002816159
eric-bss-cil-database-cd-cil1-rack3-0,1669203866.286,0.003379391
eric-bss-cil-database-cd-cil1-rack4-0,1669203866.286,0.005839588
eric-bss-cil-database-cd-cil1-rack1-0,1669203873.286,0.043388627
eric-bss-cil-database-cd-cil1-rack2-0,1669203873.286,0.002816159
eric-bss-cil-database-cd-cil1-rack3-0,1669203873.286,0.003379391
eric-bss-cil-database-cd-cil1-rack4-0,1669203873.286,0.005839588
eric-bss-cil-database-cd-cil1-rack1-0,1669203880.286,0.043388627
eric-bss-cil-database-cd-cil1-rack2-0,1669203880.286,0.004866323
eric-bss-cil-database-cd-cil1-rack3-0,1669203880.286,0.003379391
eric-bss-cil-database-cd-cil1-rack4-0,1669203880.286,0.005839588
eric-bss-cil-database-cd-cil1-rack1-0,1669203887.286,0.043388627
eric-bss-cil-database-cd-cil1-rack2-0,1669203887.286,0.004866323
eric-bss-cil-database-cd-cil1-rack3-0,1669203887.286,0.003379391
eric-bss-cil-database-cd-cil1-rack4-0,1669203887.286,0.005839588
eric-bss-cil-database-cd-cil1-rack1-0,1669203894.286,0.043388627
eric-bss-cil-database-cd-cil1-rack2-0,1669203894.286,0.008409007
eric-bss-cil-database-cd-cil1-rack3-0,1669203894.286,0.003379391
eric-bss-cil-database-cd-cil1-rack4-0,1669203894.286,0.005839588
eric-bss-cil-database-cd-cil1-rack1-0,1669203901.286,0.043388627
eric-bss-cil-database-cd-cil1-rack2-0,1669203901.286,0.008409007
eric-bss-cil-database-cd-cil1-rack3-0,1669203901.286,0.003379391
eric-bss-cil-database-cd-cil1-rack4-0,1669203901.286,0.005839588
eric-bss-cil-database-cd-cil1-rack1-0,1669203908.286,0.043388627
eric-bss-cil-database-cd-cil1-rack2-0,1669203908.286,0.004866323
eric-bss-cil-database-cd-cil1-rack3-0,1669203908.286,0.003379391
eric-bss-cil-database-cd-cil1-rack4-0,1669203908.286,0.005839588
eric-bss-cil-database-cd-cil1-rack1-0,1669203915.286,0.043388627
eric-bss-cil-database-cd-cil1-rack2-0,1669203915.286,0.004866323
eric-bss-cil-database-cd-cil1-rack3-0,1669203915.286,0.003379391
eric-bss-cil-database-cd-cil1-rack4-0,1669203915.286,0.005839588
eric-bss-cil-database-cd-cil1-rack1-0,1669203922.286,0.043388627
eric-bss-cil-database-cd-cil1-rack2-0,1669203922.286,0.004866323
eric-bss-cil-database-cd-cil1-rack3-0,1669203922.286,0.000785939
eric-bss-cil-database-cd-cil1-rack4-0,1669203922.286,0.005839588
eric-bss-cil-database-cd-cil1-rack1-0,1669203929.286,0.043388627
eric-bss-cil-database-cd-cil1-rack2-0,1669203929.286,0.004866323
eric-bss-cil-database-cd-cil1-rack3-0,1669203929.286,0.000785939
eric-bss-cil-database-cd-cil1-rack4-0,1669203929.286,0.005839588
eric-bss-cil-database-cd-cil1-rack1-0,1669203936.286,0.043388627
eric-bss-cil-database-cd-cil1-rack2-0,1669203936.286,0.004866323
eric-bss-cil-database-cd-cil1-rack3-0,1669203936.286,0.000785939
eric-bss-cil-database-cd-cil1-rack4-0,1669203936.286,0.005839588
eric-bss-cil-database-cd-cil1-rack1-0,1669203943.286,0.043388627
eric-bss-cil-database-cd-cil1-rack2-0,1669203943.286,0.004866323
eric-bss-cil-database-cd-cil1-rack3-0,1669203943.286,0.000785939
eric-bss-cil-database-cd-cil1-rack4-0,1669203943.286,0.005839588
eric-bss-cil-database-cd-cil1-rack1-0,1669203950.286,0.043388627
eric-bss-cil-database-cd-cil1-rack2-0,1669203950.286,0.004866323
eric-bss-cil-database-cd-cil1-rack3-0,1669203950.286,0.000785939
eric-bss-cil-database-cd-cil1-rack4-0,1669203950.286,0.0209243
eric-bss-cil-database-cd-cil1-rack1-0,1669203957.286,0.043388627
eric-bss-cil-database-cd-cil1-rack2-0,1669203957.286,0.004866323
eric-bss-cil-database-cd-cil1-rack3-0,1669203957.286,0.000785939
eric-bss-cil-database-cd-cil1-rack4-0,1669203957.286,0.0209243
eric-bss-cil-database-cd-cil1-rack1-0,1669203964.286,0.043388627
eric-bss-cil-database-cd-cil1-rack2-0,1669203964.286,0.004866323
eric-bss-cil-database-cd-cil1-rack3-0,1669203964.286,0.000654949
eric-bss-cil-database-cd-cil1-rack4-0,1669203964.286,0.0209243
eric-bss-cil-database-cd-cil1-rack1-0,1669203971.286,0.043388627
eric-bss-cil-database-cd-cil1-rack2-0,1669203971.286,0.004866323
eric-bss-cil-database-cd-cil1-rack3-0,1669203971.286,0.000654949
eric-bss-cil-database-cd-cil1-rack4-0,1669203971.286,0.0209243
eric-bss-cil-database-cd-cil1-rack1-0,1669203978.286,0.043388627
eric-bss-cil-database-cd-cil1-rack2-0,1669203978.286,0.004866323
eric-bss-cil-database-cd-cil1-rack3-0,1669203978.286,0.001629722
eric-bss-cil-database-cd-cil1-rack4-0,1669203978.286,0.0209243
eric-bss-cil-database-cd-cil1-rack1-0,1669203985.286,0.043388627
eric-bss-cil-database-cd-cil1-rack2-0,1669203985.286,0.008409007
eric-bss-cil-database-cd-cil1-rack3-0,1669203985.286,0.001629722
eric-bss-cil-database-cd-cil1-rack4-0,1669203985.286,0.0209243
eric-bss-cil-database-cd-cil1-rack1-0,1669203992.286,0.043388627
eric-bss-cil-database-cd-cil1-rack2-0,1669203992.286,0.008409007
eric-bss-cil-database-cd-cil1-rack3-0,1669203992.286,0.001629722
eric-bss-cil-database-cd-cil1-rack4-0,1669203992.286,0.007007506
eric-bss-cil-database-cd-cil1-rack1-0,1669203999.286,0.043388627
eric-bss-cil-database-cd-cil1-rack2-0,1669203999.286,0.008409007
eric-bss-cil-database-cd-cil1-rack3-0,1669203999.286,0.001955666
eric-bss-cil-database-cd-cil1-rack4-0,1669203999.286,0.007007506
eric-bss-cil-database-cd-cil1-rack1-0,1669204006.286,0.043388627
eric-bss-cil-database-cd-cil1-rack2-0,1669204006.286,0.008409007
eric-bss-cil-database-cd-cil1-rack3-0,1669204006.286,0.001955666
eric-bss-cil-database-cd-cil1-rack4-0,1669204006.286,0.007007506
eric-bss-cil-database-cd-cil1-rack1-0,1669204013.286,0.043388627
eric-bss-cil-database-cd-cil1-rack2-0,1669204013.286,0.008409007
eric-bss-cil-database-cd-cil1-rack3-0,1669204013.286,0.001955666
eric-bss-cil-database-cd-cil1-rack4-0,1669204013.286,0.007007506
eric-bss-cil-database-cd-cil1-rack1-0,1669204020.286,0.043388627
eric-bss-cil-database-cd-cil1-rack2-0,1669204020.286,0.008409007
eric-bss-cil-database-cd-cil1-rack3-0,1669204020.286,0.001955666
eric-bss-cil-database-cd-cil1-rack4-0,1669204020.286,0.000943127
eric-bss-cil-database-cd-cil1-rack1-0,1669204027.286,0.043388627
eric-bss-cil-database-cd-cil1-rack2-0,1669204027.286,0.008409007
eric-bss-cil-database-cd-cil1-rack3-0,1669204027.286,0.001955666
eric-bss-cil-database-cd-cil1-rack4-0,1669204027.286,0.000943127
eric-bss-cil-database-cd-cil1-rack1-0,1669204034.286,0.043388627
eric-bss-cil-database-cd-cil1-rack2-0,1669204034.286,0.008409007
eric-bss-cil-database-cd-cil1-rack3-0,1669204034.286,0.001955666
eric-bss-cil-database-cd-cil1-rack4-0,1669204034.286,0.000943127
eric-bss-cil-database-cd-cil1-rack1-0,1669204041.286,0.043388627
eric-bss-cil-database-cd-cil1-rack2-0,1669204041.286,0.008409007
eric-bss-cil-database-cd-cil1-rack3-0,1669204041.286,0.001955666
eric-bss-cil-database-cd-cil1-rack4-0,1669204041.286,0.001131752
eric-bss-cil-database-cd-cil1-rack1-0,1669204048.286,0.043388627
eric-bss-cil-database-cd-cil1-rack2-0,1669204048.286,0.008409007
eric-bss-cil-database-cd-cil1-rack3-0,1669204048.286,0.001955666
eric-bss-cil-database-cd-cil1-rack4-0,1669204048.286,0.001131752
eric-bss-cil-database-cd-cil1-rack1-0,1669204055.286,0.043388627
eric-bss-cil-database-cd-cil1-rack2-0,1669204055.286,0.003379391
eric-bss-cil-database-cd-cil1-rack3-0,1669204055.286,0.001358102
eric-bss-cil-database-cd-cil1-rack4-0,1669204055.286,0.008409007
eric-bss-cil-database-cd-cil1-rack1-0,1669204062.286,0.043388627
eric-bss-cil-database-cd-cil1-rack2-0,1669204062.286,0.003379391
eric-bss-cil-database-cd-cil1-rack3-0,1669204062.286,0.001358102
eric-bss-cil-database-cd-cil1-rack4-0,1669204062.286,0.008409007
eric-bss-cil-database-cd-cil1-rack1-0,1669204069.286,0.043388627
eric-bss-cil-database-cd-cil1-rack2-0,1669204069.286,0.003379391
eric-bss-cil-database-cd-cil1-rack3-0,1669204069.286,0.001955666
eric-bss-cil-database-cd-cil1-rack4-0,1669204069.286,0.008409007
eric-bss-cil-database-cd-cil1-rack1-0,1669204076.286,0.043388627
eric-bss-cil-database-cd-cil1-rack2-0,1669204076.286,0.003379391
eric-bss-cil-database-cd-cil1-rack3-0,1669204076.286,0.001955666
eric-bss-cil-database-cd-cil1-rack4-0,1669204076.286,0.008409007
eric-bss-cil-database-cd-cil1-rack1-0,1669204083.286,0.043388627
eric-bss-cil-database-cd-cil1-rack2-0,1669204083.286,0.003379391
eric-bss-cil-database-cd-cil1-rack3-0,1669204083.286,0.001955666
eric-bss-cil-database-cd-cil1-rack4-0,1669204083.286,0.008409007
eric-bss-cil-database-cd-cil1-rack1-0,1669204090.286,0.043388627
eric-bss-cil-database-cd-cil1-rack2-0,1669204090.286,0.003379391
eric-bss-cil-database-cd-cil1-rack3-0,1669204090.286,0.001955666
eric-bss-cil-database-cd-cil1-rack4-0,1669204090.286,0.008409007
eric-bss-cil-database-cd-cil1-rack1-0,1669204097.286,0.043388627
eric-bss-cil-database-cd-cil1-rack2-0,1669204097.286,0.003379391
eric-bss-cil-database-cd-cil1-rack3-0,1669204097.286,0.001955666
eric-bss-cil-database-cd-cil1-rack4-0,1669204097.286,0.008409007
eric-bss-cil-database-cd-cil1-rack1-0,1669204104.286,0.043388627
eric-bss-cil-database-cd-cil1-rack2-0,1669204104.286,0.008409007
eric-bss-cil-database-cd-cil1-rack3-0,1669204104.286,0.001629722
eric-bss-cil-database-cd-cil1-rack4-0,1669204104.286,0.008409007
eric-bss-cil-database-cd-cil1-rack1-0,1669204111.286,0.052066352
eric-bss-cil-database-cd-cil1-rack2-0,1669204111.286,0.008409007
eric-bss-cil-database-cd-cil1-rack3-0,1669204111.286,0.001629722
eric-bss-cil-database-cd-cil1-rack4-0,1669204111.286,0.008409007
eric-bss-cil-database-cd-cil1-rack1-0,1669204118.286,0.052066352
eric-bss-cil-database-cd-cil1-rack2-0,1669204118.286,0.002346799
eric-bss-cil-database-cd-cil1-rack3-0,1669204118.286,0.001629722
eric-bss-cil-database-cd-cil1-rack4-0,1669204118.286,0.008409007
eric-bss-cil-database-cd-cil1-rack1-0,1669204125.286,0.052066352
eric-bss-cil-database-cd-cil1-rack2-0,1669204125.286,0.002346799
eric-bss-cil-database-cd-cil1-rack3-0,1669204125.286,0.001629722
eric-bss-cil-database-cd-cil1-rack4-0,1669204125.286,0.008409007
eric-bss-cil-database-cd-cil1-rack1-0,1669204132.286,0.043388627
eric-bss-cil-database-cd-cil1-rack2-0,1669204132.286,0.002346799
eric-bss-cil-database-cd-cil1-rack3-0,1669204132.286,0.001629722
eric-bss-cil-database-cd-cil1-rack4-0,1669204132.286,0.008409007
eric-bss-cil-database-cd-cil1-rack1-0,1669204139.286,0.043388627
eric-bss-cil-database-cd-cil1-rack2-0,1669204139.286,0.002346799
eric-bss-cil-database-cd-cil1-rack3-0,1669204139.286,0.001629722
eric-bss-cil-database-cd-cil1-rack4-0,1669204139.286,0.008409007
eric-bss-cil-database-cd-cil1-rack1-0,1669204146.286,0.043388627
eric-bss-cil-database-cd-cil1-rack2-0,1669204146.286,0.002346799
eric-bss-cil-database-cd-cil1-rack3-0,1669204146.286,0.001629722
eric-bss-cil-database-cd-cil1-rack4-0,1669204146.286,0.008409007
eric-bss-cil-database-cd-cil1-rack1-0,1669204153.286,0.043388627
eric-bss-cil-database-cd-cil1-rack2-0,1669204153.286,0.002346799
eric-bss-cil-database-cd-cil1-rack3-0,1669204153.286,0.001629722
eric-bss-cil-database-cd-cil1-rack4-0,1669204153.286,0.008409007
eric-bss-cil-database-cd-cil1-rack1-0,1669204160.286,0.043388627
eric-bss-cil-database-cd-cil1-rack2-0,1669204160.286,0.002346799
eric-bss-cil-database-cd-cil1-rack3-0,1669204160.286,0.001629722
eric-bss-cil-database-cd-cil1-rack4-0,1669204160.286,0.008409007
eric-bss-cil-database-cd-cil1-rack1-0,1669204167.286,0.043388627
eric-bss-cil-database-cd-cil1-rack2-0,1669204167.286,0.002346799
eric-bss-cil-database-cd-cil1-rack3-0,1669204167.286,0.001629722
eric-bss-cil-database-cd-cil1-rack4-0,1669204167.286,0.008409007
eric-bss-cil-database-cd-cil1-rack1-0,1669204174.286,0.043388627
eric-bss-cil-database-cd-cil1-rack2-0,1669204174.286,0.002346799
eric-bss-cil-database-cd-cil1-rack3-0,1669204174.286,0.004866323
eric-bss-cil-database-cd-cil1-rack4-0,1669204174.286,0.008409007
eric-bss-cil-database-cd-cil1-rack1-0,1669204181.286,0.043388627
eric-bss-cil-database-cd-cil1-rack2-0,1669204181.286,0.002346799
eric-bss-cil-database-cd-cil1-rack3-0,1669204181.286,0.004866323
eric-bss-cil-database-cd-cil1-rack4-0,1669204181.286,0.008409007
eric-bss-cil-database-cd-cil1-rack1-0,1669204188.286,0.052066352
eric-bss-cil-database-cd-cil1-rack2-0,1669204188.286,0.002346799
eric-bss-cil-database-cd-cil1-rack3-0,1669204188.286,0.004866323
eric-bss-cil-database-cd-cil1-rack4-0,1669204188.286,0.008409007
eric-bss-cil-database-cd-cil1-rack1-0,1669204195.286,0.052066352
eric-bss-cil-database-cd-cil1-rack2-0,1669204195.286,0.003379391
eric-bss-cil-database-cd-cil1-rack3-0,1669204195.286,0.004866323
eric-bss-cil-database-cd-cil1-rack4-0,1669204195.286,0.008409007
eric-bss-cil-database-cd-cil1-rack1-0,1669204202.286,0.043388627
eric-bss-cil-database-cd-cil1-rack2-0,1669204202.286,0.003379391
eric-bss-cil-database-cd-cil1-rack3-0,1669204202.286,0.004866323
eric-bss-cil-database-cd-cil1-rack4-0,1669204202.286,0.008409007
eric-bss-cil-database-cd-cil1-rack1-0,1669204209.286,0.043388627
eric-bss-cil-database-cd-cil1-rack2-0,1669204209.286,0.003379391
eric-bss-cil-database-cd-cil1-rack3-0,1669204209.286,0.010090808
eric-bss-cil-database-cd-cil1-rack4-0,1669204209.286,0.008409007
eric-bss-cil-database-cd-cil1-rack1-0,1669204216.286,0.03615719
eric-bss-cil-database-cd-cil1-rack2-0,1669204216.286,0.003379391
eric-bss-cil-database-cd-cil1-rack3-0,1669204216.286,0.010090808
eric-bss-cil-database-cd-cil1-rack4-0,1669204216.286,0.008409007
eric-bss-cil-database-cd-cil1-rack1-0,1669204223.286,0.03615719
eric-bss-cil-database-cd-cil1-rack2-0,1669204223.286,0.003379391
eric-bss-cil-database-cd-cil1-rack3-0,1669204223.286,0.010090808
eric-bss-cil-database-cd-cil1-rack4-0,1669204223.286,0.008409007
eric-bss-cil-database-cd-cil1-rack1-0,1669204230.286,0.03615719
eric-bss-cil-database-cd-cil1-rack2-0,1669204230.286,0.003379391
eric-bss-cil-database-cd-cil1-rack3-0,1669204230.286,0.010090808
eric-bss-cil-database-cd-cil1-rack4-0,1669204230.286,0.007007506
eric-bss-cil-database-cd-cil1-rack1-0,1669204237.286,0.043388627
eric-bss-cil-database-cd-cil1-rack2-0,1669204237.286,0.003379391
eric-bss-cil-database-cd-cil1-rack3-0,1669204237.286,0.003379391
eric-bss-cil-database-cd-cil1-rack4-0,1669204237.286,0.007007506
eric-bss-cil-database-cd-cil1-rack1-0,1669204244.286,0.043388627
eric-bss-cil-database-cd-cil1-rack2-0,1669204244.286,0.003379391
eric-bss-cil-database-cd-cil1-rack3-0,1669204244.286,0.003379391
eric-bss-cil-database-cd-cil1-rack4-0,1669204244.286,0.007007506
eric-bss-cil-database-cd-cil1-rack1-0,1669204251.286,0.043388627
eric-bss-cil-database-cd-cil1-rack2-0,1669204251.286,0.002816159
eric-bss-cil-database-cd-cil1-rack3-0,1669204251.286,0.010090808
eric-bss-cil-database-cd-cil1-rack4-0,1669204251.286,0.007007506
eric-bss-cil-database-cd-cil1-rack1-0,1669204258.286,0.043388627
eric-bss-cil-database-cd-cil1-rack2-0,1669204258.286,0.002816159
eric-bss-cil-database-cd-cil1-rack3-0,1669204258.286,0.010090808
eric-bss-cil-database-cd-cil1-rack4-0,1669204258.286,0.007007506
eric-bss-cil-database-cd-cil1-rack1-0,1669204265.286,0.043388627
eric-bss-cil-database-cd-cil1-rack2-0,1669204265.286,0.004055269
eric-bss-cil-database-cd-cil1-rack3-0,1669204265.286,0.008409007
eric-bss-cil-database-cd-cil1-rack4-0,1669204265.286,0.007007506
eric-bss-cil-database-cd-cil1-rack1-0,1669204272.286,0.043388627
eric-bss-cil-database-cd-cil1-rack2-0,1669204272.286,0.004055269
eric-bss-cil-database-cd-cil1-rack3-0,1669204272.286,0.008409007
eric-bss-cil-database-cd-cil1-rack4-0,1669204272.286,0.007007506
eric-bss-cil-database-cd-cil1-rack1-0,1669204279.286,0.043388627
eric-bss-cil-database-cd-cil1-rack2-0,1669204279.286,0.004055269
eric-bss-cil-database-cd-cil1-rack3-0,1669204279.286,0.008409007
eric-bss-cil-database-cd-cil1-rack4-0,1669204279.286,0.010090808
eric-bss-cil-database-cd-cil1-rack1-0,1669204286.286,0.043388627
eric-bss-cil-database-cd-cil1-rack2-0,1669204286.286,0.004055269
eric-bss-cil-database-cd-cil1-rack3-0,1669204286.286,0.008409007
eric-bss-cil-database-cd-cil1-rack4-0,1669204286.286,0.010090808
eric-bss-cil-database-cd-cil1-rack1-0,1669204293.286,0.043388627
eric-bss-cil-database-cd-cil1-rack2-0,1669204293.286,0.004055269
eric-bss-cil-database-cd-cil1-rack3-0,1669204293.286,0.008409007
eric-bss-cil-database-cd-cil1-rack4-0,1669204293.286,0.010090808
eric-bss-cil-database-cd-cil1-rack1-0,1669204300.286,0.043388627
eric-bss-cil-database-cd-cil1-rack2-0,1669204300.286,0.01210897
eric-bss-cil-database-cd-cil1-rack3-0,1669204300.286,0.008409007
eric-bss-cil-database-cd-cil1-rack4-0,1669204300.286,0.010090808
eric-bss-cil-database-cd-cil1-rack1-0,1669204307.286,0.043388627
eric-bss-cil-database-cd-cil1-rack2-0,1669204307.286,0.01210897
eric-bss-cil-database-cd-cil1-rack3-0,1669204307.286,0.008409007
eric-bss-cil-database-cd-cil1-rack4-0,1669204307.286,0.010090808
eric-bss-cil-database-cd-cil1-rack1-0,1669204314.286,0.043388627
eric-bss-cil-database-cd-cil1-rack2-0,1669204314.286,0.01210897
eric-bss-cil-database-cd-cil1-rack3-0,1669204314.286,0.008409007
eric-bss-cil-database-cd-cil1-rack4-0,1669204314.286,0.010090808
eric-bss-cil-database-cd-cil1-rack1-0,1669204321.286,0.043388627
eric-bss-cil-database-cd-cil1-rack2-0,1669204321.286,0.01210897
eric-bss-cil-database-cd-cil1-rack3-0,1669204321.286,0.008409007
eric-bss-cil-database-cd-cil1-rack4-0,1669204321.286,0.010090808
eric-bss-cil-database-cd-cil1-rack1-0,1669204328.286,0.043388627
eric-bss-cil-database-cd-cil1-rack2-0,1669204328.286,0.01210897
eric-bss-cil-database-cd-cil1-rack3-0,1669204328.286,0.003379391
eric-bss-cil-database-cd-cil1-rack4-0,1669204328.286,0.010090808
eric-bss-cil-database-cd-cil1-rack1-0,1669204335.286,0.043388627
eric-bss-cil-database-cd-cil1-rack2-0,1669204335.286,0.01210897
eric-bss-cil-database-cd-cil1-rack3-0,1669204335.286,0.003379391
eric-bss-cil-database-cd-cil1-rack4-0,1669204335.286,0.008409007
eric-bss-cil-database-cd-cil1-rack1-0,1669204342.286,0.043388627
eric-bss-cil-database-cd-cil1-rack2-0,1669204342.286,0.002816159
eric-bss-cil-database-cd-cil1-rack3-0,1669204342.286,0.003379391
eric-bss-cil-database-cd-cil1-rack4-0,1669204342.286,0.008409007
eric-bss-cil-database-cd-cil1-rack1-0,1669204349.286,0.043388627
eric-bss-cil-database-cd-cil1-rack2-0,1669204349.286,0.002816159
eric-bss-cil-database-cd-cil1-rack3-0,1669204349.286,0.003379391
eric-bss-cil-database-cd-cil1-rack4-0,1669204349.286,0.008409007
eric-bss-cil-database-cd-cil1-rack1-0,1669204356.286,0.043388627
eric-bss-cil-database-cd-cil1-rack2-0,1669204356.286,0.002816159
eric-bss-cil-database-cd-cil1-rack3-0,1669204356.286,0.002816159
eric-bss-cil-database-cd-cil1-rack4-0,1669204356.286,0.010090808
eric-bss-cil-database-cd-cil1-rack1-0,1669204363.286,0.043388627
eric-bss-cil-database-cd-cil1-rack2-0,1669204363.286,0.002816159
eric-bss-cil-database-cd-cil1-rack3-0,1669204363.286,0.002816159
eric-bss-cil-database-cd-cil1-rack4-0,1669204363.286,0.010090808
eric-bss-cil-database-cd-cil1-rack1-0,1669204370.286,0.052066352
eric-bss-cil-database-cd-cil1-rack2-0,1669204370.286,0.002816159
eric-bss-cil-database-cd-cil1-rack3-0,1669204370.286,0.008409007
eric-bss-cil-database-cd-cil1-rack4-0,1669204370.286,0.008409007
eric-bss-cil-database-cd-cil1-rack1-0,1669204377.286,0.052066352
eric-bss-cil-database-cd-cil1-rack2-0,1669204377.286,0.002816159
eric-bss-cil-database-cd-cil1-rack3-0,1669204377.286,0.008409007
eric-bss-cil-database-cd-cil1-rack4-0,1669204377.286,0.008409007
eric-bss-cil-database-cd-cil1-rack1-0,1669204384.286,0.043388627
eric-bss-cil-database-cd-cil1-rack2-0,1669204384.286,0.002816159
eric-bss-cil-database-cd-cil1-rack3-0,1669204384.286,0.008409007
eric-bss-cil-database-cd-cil1-rack4-0,1669204384.286,0.008409007
eric-bss-cil-database-cd-cil1-rack1-0,1669204391.286,0.043388627
eric-bss-cil-database-cd-cil1-rack2-0,1669204391.286,0.002816159
eric-bss-cil-database-cd-cil1-rack3-0,1669204391.286,0.008409007
eric-bss-cil-database-cd-cil1-rack4-0,1669204391.286,0.008409007
eric-bss-cil-database-cd-cil1-rack1-0,1669204398.286,0.043388627
eric-bss-cil-database-cd-cil1-rack2-0,1669204398.286,0.002816159
eric-bss-cil-database-cd-cil1-rack3-0,1669204398.286,0.008409007
eric-bss-cil-database-cd-cil1-rack4-0,1669204398.286,0.008409007
eric-bss-cil-database-cd-cil1-rack1-0,1669204405.286,0.043388627
eric-bss-cil-database-cd-cil1-rack2-0,1669204405.286,0.010090808
eric-bss-cil-database-cd-cil1-rack3-0,1669204405.286,0.008409007
eric-bss-cil-database-cd-cil1-rack4-0,1669204405.286,0.008409007
eric-bss-cil-database-cd-cil1-rack1-0,1669204412.286,0.052066352
eric-bss-cil-database-cd-cil1-rack2-0,1669204412.286,0.010090808
eric-bss-cil-database-cd-cil1-rack3-0,1669204412.286,0.008409007
eric-bss-cil-database-cd-cil1-rack4-0,1669204412.286,0.004866323
eric-bss-cil-database-cd-cil1-rack1-0,1669204419.286,0.052066352
eric-bss-cil-database-cd-cil1-rack2-0,1669204419.286,0.010090808
eric-bss-cil-database-cd-cil1-rack3-0,1669204419.286,0.008409007
eric-bss-cil-database-cd-cil1-rack4-0,1669204419.286,0.004866323
eric-bss-cil-database-cd-cil1-rack1-0,1669204426.286,0.052066352
eric-bss-cil-database-cd-cil1-rack2-0,1669204426.286,0.010090808
eric-bss-cil-database-cd-cil1-rack3-0,1669204426.286,0.008409007
eric-bss-cil-database-cd-cil1-rack4-0,1669204426.286,0.005839588
eric-bss-cil-database-cd-cil1-rack1-0,1669204433.286,0.052066352
eric-bss-cil-database-cd-cil1-rack2-0,1669204433.286,0.003379391
eric-bss-cil-database-cd-cil1-rack3-0,1669204433.286,0.005839588
eric-bss-cil-database-cd-cil1-rack4-0,1669204433.286,0.005839588
eric-bss-cil-database-cd-cil1-rack1-0,1669204440.286,0.052066352
eric-bss-cil-database-cd-cil1-rack2-0,1669204440.286,0.003379391
eric-bss-cil-database-cd-cil1-rack3-0,1669204440.286,0.005839588
eric-bss-cil-database-cd-cil1-rack4-0,1669204440.286,0.005839588
eric-bss-cil-database-cd-cil1-rack1-0,1669204447.286,0.052066352
eric-bss-cil-database-cd-cil1-rack2-0,1669204447.286,0.003379391
eric-bss-cil-database-cd-cil1-rack3-0,1669204447.286,0.005839588
eric-bss-cil-database-cd-cil1-rack4-0,1669204447.286,0.005839588
eric-bss-cil-database-cd-cil1-rack1-0,1669204454.286,0.052066352
eric-bss-cil-database-cd-cil1-rack2-0,1669204454.286,0.003379391
eric-bss-cil-database-cd-cil1-rack3-0,1669204454.286,0.005839588
eric-bss-cil-database-cd-cil1-rack4-0,1669204454.286,0.005839588
eric-bss-cil-database-cd-cil1-rack1-0,1669204461.286,0.052066352
eric-bss-cil-database-cd-cil1-rack2-0,1669204461.286,0.003379391
eric-bss-cil-database-cd-cil1-rack3-0,1669204461.286,0.005839588
eric-bss-cil-database-cd-cil1-rack4-0,1669204461.286,0.005839588
eric-bss-cil-database-cd-cil1-rack1-0,1669204468.286,0.052066352
eric-bss-cil-database-cd-cil1-rack2-0,1669204468.286,0.003379391
eric-bss-cil-database-cd-cil1-rack3-0,1669204468.286,0.005839588
eric-bss-cil-database-cd-cil1-rack4-0,1669204468.286,0.005839588
eric-bss-cil-database-cd-cil1-rack1-0,1669204475.286,0.043388627
eric-bss-cil-database-cd-cil1-rack2-0,1669204475.286,0.002346799
eric-bss-cil-database-cd-cil1-rack3-0,1669204475.286,0.007007506
eric-bss-cil-database-cd-cil1-rack4-0,1669204475.286,0.005839588
eric-bss-cil-database-cd-cil1-rack1-0,1669204482.286,0.043388627
eric-bss-cil-database-cd-cil1-rack2-0,1669204482.286,0.002346799
eric-bss-cil-database-cd-cil1-rack3-0,1669204482.286,0.007007506
eric-bss-cil-database-cd-cil1-rack4-0,1669204482.286,0.005839588
eric-bss-cil-database-cd-cil1-rack1-0,1669204489.286,0.052066352
eric-bss-cil-database-cd-cil1-rack2-0,1669204489.286,0.002346799
eric-bss-cil-database-cd-cil1-rack3-0,1669204489.286,0.007007506
eric-bss-cil-database-cd-cil1-rack4-0,1669204489.286,0.003379391
eric-bss-cil-database-cd-cil1-rack1-0,1669204496.286,0.052066352
eric-bss-cil-database-cd-cil1-rack2-0,1669204496.286,0.002346799
eric-bss-cil-database-cd-cil1-rack3-0,1669204496.286,0.007007506
eric-bss-cil-database-cd-cil1-rack4-0,1669204496.286,0.003379391
eric-bss-cil-database-cd-cil1-rack1-0,1669204503.286,0.043388627
eric-bss-cil-database-cd-cil1-rack2-0,1669204503.286,0.002346799
eric-bss-cil-database-cd-cil1-rack3-0,1669204503.286,0.007007506
eric-bss-cil-database-cd-cil1-rack4-0,1669204503.286,0.001955666
eric-bss-cil-database-cd-cil1-rack1-0,1669204510.286,0.043388627
eric-bss-cil-database-cd-cil1-rack2-0,1669204510.286,0.002346799
eric-bss-cil-database-cd-cil1-rack3-0,1669204510.286,0.007007506
eric-bss-cil-database-cd-cil1-rack4-0,1669204510.286,0.001955666
eric-bss-cil-database-cd-cil1-rack1-0,1669204517.286,0.043388627
eric-bss-cil-database-cd-cil1-rack2-0,1669204517.286,0.002346799
eric-bss-cil-database-cd-cil1-rack3-0,1669204517.286,0.007007506
eric-bss-cil-database-cd-cil1-rack4-0,1669204517.286,0.001955666
eric-bss-cil-database-cd-cil1-rack1-0,1669204524.286,0.043388627
eric-bss-cil-database-cd-cil1-rack2-0,1669204524.286,0.002346799
eric-bss-cil-database-cd-cil1-rack3-0,1669204524.286,0.007007506
eric-bss-cil-database-cd-cil1-rack4-0,1669204524.286,0.001955666
eric-bss-cil-database-cd-cil1-rack1-0,1669204531.286,0.043388627
eric-bss-cil-database-cd-cil1-rack2-0,1669204531.286,0.002346799
eric-bss-cil-database-cd-cil1-rack3-0,1669204531.286,0.007007506
eric-bss-cil-database-cd-cil1-rack4-0,1669204531.286,0.001955666
eric-bss-cil-database-cd-cil1-rack1-0,1669204538.286,0.043388627
eric-bss-cil-database-cd-cil1-rack2-0,1669204538.286,0.002346799
eric-bss-cil-database-cd-cil1-rack3-0,1669204538.286,0.005839588
eric-bss-cil-database-cd-cil1-rack4-0,1669204538.286,0.001955666
eric-bss-cil-database-cd-cil1-rack1-0,1669204545.286,0.043388627
eric-bss-cil-database-cd-cil1-rack2-0,1669204545.286,0.002346799
eric-bss-cil-database-cd-cil1-rack3-0,1669204545.286,0.005839588
eric-bss-cil-database-cd-cil1-rack4-0,1669204545.286,0.002346799
eric-bss-cil-database-cd-cil1-rack1-0,1669204552.286,0.043388627
eric-bss-cil-database-cd-cil1-rack2-0,1669204552.286,0.002346799
eric-bss-cil-database-cd-cil1-rack3-0,1669204552.286,0.005839588
eric-bss-cil-database-cd-cil1-rack4-0,1669204552.286,0.002346799
eric-bss-cil-database-cd-cil1-rack1-0,1669204559.286,0.043388627
eric-bss-cil-database-cd-cil1-rack2-0,1669204559.286,0.002346799
eric-bss-cil-database-cd-cil1-rack3-0,1669204559.286,0.005839588
eric-bss-cil-database-cd-cil1-rack4-0,1669204559.286,0.002346799
eric-bss-cil-database-cd-cil1-rack1-0,1669204566.286,0.043388627
eric-bss-cil-database-cd-cil1-rack2-0,1669204566.286,0.001629722
eric-bss-cil-database-cd-cil1-rack3-0,1669204566.286,0.005839588
eric-bss-cil-database-cd-cil1-rack4-0,1669204566.286,0.002346799
eric-bss-cil-database-cd-cil1-rack1-0,1669204573.286,0.043388627
eric-bss-cil-database-cd-cil1-rack2-0,1669204573.286,0.001629722
eric-bss-cil-database-cd-cil1-rack3-0,1669204573.286,0.005839588
eric-bss-cil-database-cd-cil1-rack4-0,1669204573.286,0.002346799
eric-bss-cil-database-cd-cil1-rack1-0,1669204580.286,0.043388627
eric-bss-cil-database-cd-cil1-rack2-0,1669204580.286,0.002346799
eric-bss-cil-database-cd-cil1-rack3-0,1669204580.286,0.005839588
eric-bss-cil-database-cd-cil1-rack4-0,1669204580.286,0.002346799
eric-bss-cil-database-cd-cil1-rack1-0,1669204587.286,0.043388627
eric-bss-cil-database-cd-cil1-rack2-0,1669204587.286,0.002346799
eric-bss-cil-database-cd-cil1-rack3-0,1669204587.286,0.005839588
eric-bss-cil-database-cd-cil1-rack4-0,1669204587.286,0.002346799
eric-bss-cil-database-cd-cil1-rack1-0,1669204594.286,0.043388627
eric-bss-cil-database-cd-cil1-rack2-0,1669204594.286,0.002816159
eric-bss-cil-database-cd-cil1-rack3-0,1669204594.286,0.005839588
eric-bss-cil-database-cd-cil1-rack4-0,1669204594.286,0.002346799
eric-bss-cil-database-cd-cil1-rack1-0,1669204601.286,0.043388627
eric-bss-cil-database-cd-cil1-rack2-0,1669204601.286,0.002816159
eric-bss-cil-database-cd-cil1-rack3-0,1669204601.286,0.005839588
eric-bss-cil-database-cd-cil1-rack4-0,1669204601.286,0.002346799
eric-bss-cil-database-cd-cil1-rack1-0,1669204608.286,0.052066352
eric-bss-cil-database-cd-cil1-rack2-0,1669204608.286,0.002816159
eric-bss-cil-database-cd-cil1-rack3-0,1669204608.286,0.005839588
eric-bss-cil-database-cd-cil1-rack4-0,1669204608.286,0.001131752
eric-bss-cil-database-cd-cil1-rack1-0,1669204615.286,0.052066352
eric-bss-cil-database-cd-cil1-rack2-0,1669204615.286,0.002816159
eric-bss-cil-database-cd-cil1-rack3-0,1669204615.286,0.005839588
eric-bss-cil-database-cd-cil1-rack4-0,1669204615.286,0.001131752
eric-bss-cil-database-cd-cil1-rack1-0,1669204622.286,0.052066352
eric-bss-cil-database-cd-cil1-rack2-0,1669204622.286,0.002816159
eric-bss-cil-database-cd-cil1-rack3-0,1669204622.286,0.005839588
eric-bss-cil-database-cd-cil1-rack4-0,1669204622.286,0.002816159
eric-bss-cil-database-cd-cil1-rack1-0,1669204629.286,0.052066352
eric-bss-cil-database-cd-cil1-rack2-0,1669204629.286,0.004055269
eric-bss-cil-database-cd-cil1-rack3-0,1669204629.286,0.005839588
eric-bss-cil-database-cd-cil1-rack4-0,1669204629.286,0.002816159
eric-bss-cil-database-cd-cil1-rack1-0,1669204636.286,0.043388627
eric-bss-cil-database-cd-cil1-rack2-0,1669204636.286,0.004055269
eric-bss-cil-database-cd-cil1-rack3-0,1669204636.286,0.005839588
eric-bss-cil-database-cd-cil1-rack4-0,1669204636.286,0.007007506
eric-bss-cil-database-cd-cil1-rack1-0,1669204643.286,0.043388627
eric-bss-cil-database-cd-cil1-rack2-0,1669204643.286,0.004055269
eric-bss-cil-database-cd-cil1-rack3-0,1669204643.286,0.002346799
eric-bss-cil-database-cd-cil1-rack4-0,1669204643.286,0.007007506
eric-bss-cil-database-cd-cil1-rack1-0,1669204650.286,0.043388627
eric-bss-cil-database-cd-cil1-rack2-0,1669204650.286,0.004055269
eric-bss-cil-database-cd-cil1-rack3-0,1669204650.286,0.002346799
eric-bss-cil-database-cd-cil1-rack4-0,1669204650.286,0.007007506
eric-bss-cil-database-cd-cil1-rack1-0,1669204657.286,0.052066352
eric-bss-cil-database-cd-cil1-rack2-0,1669204657.286,0.004055269
eric-bss-cil-database-cd-cil1-rack3-0,1669204657.286,0.002816159
eric-bss-cil-database-cd-cil1-rack4-0,1669204657.286,0.007007506
eric-bss-cil-database-cd-cil1-rack1-0,1669204664.286,0.052066352
eric-bss-cil-database-cd-cil1-rack2-0,1669204664.286,0.004055269
eric-bss-cil-database-cd-cil1-rack3-0,1669204664.286,0.002816159
eric-bss-cil-database-cd-cil1-rack4-0,1669204664.286,0.007007506
eric-bss-cil-database-cd-cil1-rack1-0,1669204671.286,0.052066352
eric-bss-cil-database-cd-cil1-rack2-0,1669204671.286,0.004055269
eric-bss-cil-database-cd-cil1-rack3-0,1669204671.286,0.005839588
eric-bss-cil-database-cd-cil1-rack4-0,1669204671.286,0.007007506
eric-bss-cil-database-cd-cil1-rack1-0,1669204678.286,0.052066352
eric-bss-cil-database-cd-cil1-rack2-0,1669204678.286,0.004055269
eric-bss-cil-database-cd-cil1-rack3-0,1669204678.286,0.005839588
eric-bss-cil-database-cd-cil1-rack4-0,1669204678.286,0.007007506
eric-bss-cil-database-cd-cil1-rack1-0,1669204685.286,0.052066352
eric-bss-cil-database-cd-cil1-rack2-0,1669204685.286,0.001629722
eric-bss-cil-database-cd-cil1-rack3-0,1669204685.286,0.002816159
eric-bss-cil-database-cd-cil1-rack4-0,1669204685.286,0.007007506
eric-bss-cil-database-cd-cil1-rack1-0,1669204692.286,0.052066352
eric-bss-cil-database-cd-cil1-rack2-0,1669204692.286,0.001629722
eric-bss-cil-database-cd-cil1-rack3-0,1669204692.286,0.002816159
eric-bss-cil-database-cd-cil1-rack4-0,1669204692.286,0.007007506
eric-bss-cil-database-cd-cil1-rack1-0,1669204699.286,0.052066352
eric-bss-cil-database-cd-cil1-rack2-0,1669204699.286,0.004866323
eric-bss-cil-database-cd-cil1-rack3-0,1669204699.286,0.002816159
eric-bss-cil-database-cd-cil1-rack4-0,1669204699.286,0.007007506
eric-bss-cil-database-cd-cil1-rack1-0,1669204706.286,0.052066352
eric-bss-cil-database-cd-cil1-rack2-0,1669204706.286,0.004866323
eric-bss-cil-database-cd-cil1-rack3-0,1669204706.286,0.002816159
eric-bss-cil-database-cd-cil1-rack4-0,1669204706.286,0.007007506
eric-bss-cil-database-cd-cil1-rack1-0,1669204713.286,0.052066352
eric-bss-cil-database-cd-cil1-rack2-0,1669204713.286,0.004866323
eric-bss-cil-database-cd-cil1-rack3-0,1669204713.286,0.002346799
eric-bss-cil-database-cd-cil1-rack4-0,1669204713.286,0.007007506
eric-bss-cil-database-cd-cil1-rack1-0,1669204720.286,0.052066352
eric-bss-cil-database-cd-cil1-rack2-0,1669204720.286,0.004866323
eric-bss-cil-database-cd-cil1-rack3-0,1669204720.286,0.002346799
eric-bss-cil-database-cd-cil1-rack4-0,1669204720.286,0.007007506
eric-bss-cil-database-cd-cil1-rack1-0,1669204727.286,0.052066352
eric-bss-cil-database-cd-cil1-rack2-0,1669204727.286,0.004866323
eric-bss-cil-database-cd-cil1-rack3-0,1669204727.286,0.002346799
eric-bss-cil-database-cd-cil1-rack4-0,1669204727.286,0.017436916
eric-bss-cil-database-cd-cil1-rack1-0,1669204734.286,0.052066352
eric-bss-cil-database-cd-cil1-rack2-0,1669204734.286,0.004866323
eric-bss-cil-database-cd-cil1-rack3-0,1669204734.286,0.005839588
eric-bss-cil-database-cd-cil1-rack4-0,1669204734.286,0.017436916
eric-bss-cil-database-cd-cil1-rack1-0,1669204741.286,0.052066352
eric-bss-cil-database-cd-cil1-rack2-0,1669204741.286,0.004866323
eric-bss-cil-database-cd-cil1-rack3-0,1669204741.286,0.005839588
eric-bss-cil-database-cd-cil1-rack4-0,1669204741.286,0.017436916
eric-bss-cil-database-cd-cil1-rack1-0,1669204748.286,0.052066352
eric-bss-cil-database-cd-cil1-rack2-0,1669204748.286,0.004055269
eric-bss-cil-database-cd-cil1-rack3-0,1669204748.286,0.007007506
eric-bss-cil-database-cd-cil1-rack4-0,1669204748.286,0.017436916
eric-bss-cil-database-cd-cil1-rack1-0,1669204755.286,0.052066352
eric-bss-cil-database-cd-cil1-rack2-0,1669204755.286,0.004055269
eric-bss-cil-database-cd-cil1-rack3-0,1669204755.286,0.007007506
eric-bss-cil-database-cd-cil1-rack4-0,1669204755.286,0.017436916
eric-bss-cil-database-cd-cil1-rack1-0,1669204762.286,0.043388627
eric-bss-cil-database-cd-cil1-rack2-0,1669204762.286,0.004055269
eric-bss-cil-database-cd-cil1-rack3-0,1669204762.286,0.007007506
eric-bss-cil-database-cd-cil1-rack4-0,1669204762.286,0.017436916
eric-bss-cil-database-cd-cil1-rack1-0,1669204769.286,0.043388627
eric-bss-cil-database-cd-cil1-rack2-0,1669204769.286,0.004055269
eric-bss-cil-database-cd-cil1-rack3-0,1669204769.286,0.007007506
eric-bss-cil-database-cd-cil1-rack4-0,1669204769.286,0.017436916
eric-bss-cil-database-cd-cil1-rack1-0,1669204776.286,0.043388627
eric-bss-cil-database-cd-cil1-rack2-0,1669204776.286,0.004055269
eric-bss-cil-database-cd-cil1-rack3-0,1669204776.286,0.007007506
eric-bss-cil-database-cd-cil1-rack4-0,1669204776.286,0.007007506
eric-bss-cil-database-cd-cil1-rack1-0,1669204783.286,0.043388627
eric-bss-cil-database-cd-cil1-rack2-0,1669204783.286,0.004055269
eric-bss-cil-database-cd-cil1-rack3-0,1669204783.286,0.007007506
eric-bss-cil-database-cd-cil1-rack4-0,1669204783.286,0.007007506
eric-bss-cil-database-cd-cil1-rack1-0,1669204790.286,0.052066352
eric-bss-cil-database-cd-cil1-rack2-0,1669204790.286,0.004055269
eric-bss-cil-database-cd-cil1-rack3-0,1669204790.286,0.007007506
eric-bss-cil-database-cd-cil1-rack4-0,1669204790.286,0.007007506
eric-bss-cil-database-cd-cil1-rack1-0,1669204797.286,0.052066352
eric-bss-cil-database-cd-cil1-rack2-0,1669204797.286,0.004055269
eric-bss-cil-database-cd-cil1-rack3-0,1669204797.286,0.007007506
eric-bss-cil-database-cd-cil1-rack4-0,1669204797.286,0.007007506
eric-bss-cil-database-cd-cil1-rack1-0,1669204804.286,0.052066352
eric-bss-cil-database-cd-cil1-rack2-0,1669204804.286,0.004866323
eric-bss-cil-database-cd-cil1-rack3-0,1669204804.286,0.008409007
eric-bss-cil-database-cd-cil1-rack4-0,1669204804.286,0.01210897
eric-bss-cil-database-cd-cil1-rack1-0,1669204811.286,0.052066352
eric-bss-cil-database-cd-cil1-rack2-0,1669204811.286,0.004866323
eric-bss-cil-database-cd-cil1-rack3-0,1669204811.286,0.008409007
eric-bss-cil-database-cd-cil1-rack4-0,1669204811.286,0.01210897
eric-bss-cil-database-cd-cil1-rack1-0,1669204818.286,0.052066352
eric-bss-cil-database-cd-cil1-rack2-0,1669204818.286,0.004866323
eric-bss-cil-database-cd-cil1-rack3-0,1669204818.286,0.008409007
eric-bss-cil-database-cd-cil1-rack4-0,1669204818.286,0.01210897
eric-bss-cil-database-cd-cil1-rack1-0,1669204825.286,0.052066352
eric-bss-cil-database-cd-cil1-rack2-0,1669204825.286,0.004866323
eric-bss-cil-database-cd-cil1-rack3-0,1669204825.286,0.008409007
eric-bss-cil-database-cd-cil1-rack4-0,1669204825.286,0.01210897
eric-bss-cil-database-cd-cil1-rack1-0,1669204832.286,0.052066352
eric-bss-cil-database-cd-cil1-rack2-0,1669204832.286,0.004866323
eric-bss-cil-database-cd-cil1-rack3-0,1669204832.286,0.008409007
eric-bss-cil-database-cd-cil1-rack4-0,1669204832.286,0.01210897
eric-bss-cil-database-cd-cil1-rack1-0,1669204839.286,0.052066352
eric-bss-cil-database-cd-cil1-rack2-0,1669204839.286,0.004866323
eric-bss-cil-database-cd-cil1-rack3-0,1669204839.286,0.008409007
eric-bss-cil-database-cd-cil1-rack4-0,1669204839.286,0.01210897
eric-bss-cil-database-cd-cil1-rack1-0,1669204846.286,0.043388627
eric-bss-cil-database-cd-cil1-rack2-0,1669204846.286,0.004866323
eric-bss-cil-database-cd-cil1-rack3-0,1669204846.286,0.008409007
eric-bss-cil-database-cd-cil1-rack4-0,1669204846.286,0.01210897
eric-bss-cil-database-cd-cil1-rack1-0,1669204853.286,0.043388627
eric-bss-cil-database-cd-cil1-rack2-0,1669204853.286,0.004866323
eric-bss-cil-database-cd-cil1-rack3-0,1669204853.286,0.008409007
eric-bss-cil-database-cd-cil1-rack4-0,1669204853.286,0.01210897
eric-bss-cil-database-cd-cil1-rack1-0,1669204860.286,0.043388627
eric-bss-cil-database-cd-cil1-rack2-0,1669204860.286,0.004866323
eric-bss-cil-database-cd-cil1-rack3-0,1669204860.286,0.008409007
eric-bss-cil-database-cd-cil1-rack4-0,1669204860.286,0.01210897
eric-bss-cil-database-cd-cil1-rack1-0,1669204867.286,0.03615719
eric-bss-cil-database-cd-cil1-rack2-0,1669204867.286,0.004866323
eric-bss-cil-database-cd-cil1-rack3-0,1669204867.286,0.004866323
eric-bss-cil-database-cd-cil1-rack4-0,1669204867.286,0.01210897
eric-bss-cil-database-cd-cil1-rack1-0,1669204874.286,0.03615719
eric-bss-cil-database-cd-cil1-rack2-0,1669204874.286,0.004866323
eric-bss-cil-database-cd-cil1-rack3-0,1669204874.286,0.004866323
eric-bss-cil-database-cd-cil1-rack4-0,1669204874.286,0.01210897
eric-bss-cil-database-cd-cil1-rack1-0,1669204881.286,0.043388627
eric-bss-cil-database-cd-cil1-rack2-0,1669204881.286,0.004866323
eric-bss-cil-database-cd-cil1-rack3-0,1669204881.286,0.002346799
eric-bss-cil-database-cd-cil1-rack4-0,1669204881.286,0.01210897
eric-bss-cil-database-cd-cil1-rack1-0,1669204888.286,0.043388627
eric-bss-cil-database-cd-cil1-rack2-0,1669204888.286,0.004866323
eric-bss-cil-database-cd-cil1-rack3-0,1669204888.286,0.002346799
eric-bss-cil-database-cd-cil1-rack4-0,1669204888.286,0.01210897
eric-bss-cil-database-cd-cil1-rack1-0,1669204895.286,0.043388627
eric-bss-cil-database-cd-cil1-rack2-0,1669204895.286,0.001131752
eric-bss-cil-database-cd-cil1-rack3-0,1669204895.286,0.007007506
eric-bss-cil-database-cd-cil1-rack4-0,1669204895.286,0.004055269
eric-bss-cil-database-cd-cil1-rack1-0,1669204902.286,0.043388627
eric-bss-cil-database-cd-cil1-rack2-0,1669204902.286,0.001131752
eric-bss-cil-database-cd-cil1-rack3-0,1669204902.286,0.007007506
eric-bss-cil-database-cd-cil1-rack4-0,1669204902.286,0.004055269
eric-bss-cil-database-cd-cil1-rack1-0,1669204909.286,0.052066352
eric-bss-cil-database-cd-cil1-rack2-0,1669204909.286,0.001131752
eric-bss-cil-database-cd-cil1-rack3-0,1669204909.286,0.007007506
eric-bss-cil-database-cd-cil1-rack4-0,1669204909.286,0.01210897
eric-bss-cil-database-cd-cil1-rack1-0,1669204916.286,0.052066352
eric-bss-cil-database-cd-cil1-rack2-0,1669204916.286,0.001131752
eric-bss-cil-database-cd-cil1-rack3-0,1669204916.286,0.007007506
eric-bss-cil-database-cd-cil1-rack4-0,1669204916.286,0.01210897
eric-bss-cil-database-cd-cil1-rack1-0,1669204923.286,0.052066352
eric-bss-cil-database-cd-cil1-rack2-0,1669204923.286,0.001131752
eric-bss-cil-database-cd-cil1-rack3-0,1669204923.286,0.007007506
eric-bss-cil-database-cd-cil1-rack4-0,1669204923.286,0.01210897
eric-bss-cil-database-cd-cil1-rack1-0,1669204930.286,0.052066352
eric-bss-cil-database-cd-cil1-rack2-0,1669204930.286,0.001131752
eric-bss-cil-database-cd-cil1-rack3-0,1669204930.286,0.007007506
eric-bss-cil-database-cd-cil1-rack4-0,1669204930.286,0.01210897
eric-bss-cil-database-cd-cil1-rack1-0,1669204937.286,0.052066352
eric-bss-cil-database-cd-cil1-rack2-0,1669204937.286,0.001131752
eric-bss-cil-database-cd-cil1-rack3-0,1669204937.286,0.007007506
eric-bss-cil-database-cd-cil1-rack4-0,1669204937.286,0.01210897
eric-bss-cil-database-cd-cil1-rack1-0,1669204944.286,0.052066352
eric-bss-cil-database-cd-cil1-rack2-0,1669204944.286,0.001629722
eric-bss-cil-database-cd-cil1-rack3-0,1669204944.286,0.002346799
eric-bss-cil-database-cd-cil1-rack4-0,1669204944.286,0.01210897
eric-bss-cil-database-cd-cil1-rack1-0,1669204951.286,0.052066352
eric-bss-cil-database-cd-cil1-rack2-0,1669204951.286,0.001629722
eric-bss-cil-database-cd-cil1-rack3-0,1669204951.286,0.002346799
eric-bss-cil-database-cd-cil1-rack4-0,1669204951.286,0.01210897
eric-bss-cil-database-cd-cil1-rack1-0,1669204958.286,0.052066352
eric-bss-cil-database-cd-cil1-rack2-0,1669204958.286,0.001629722
eric-bss-cil-database-cd-cil1-rack3-0,1669204958.286,0.002346799
eric-bss-cil-database-cd-cil1-rack4-0,1669204958.286,0.01210897
eric-bss-cil-database-cd-cil1-rack1-0,1669204965.286,0.052066352
eric-bss-cil-database-cd-cil1-rack2-0,1669204965.286,0.001629722
eric-bss-cil-database-cd-cil1-rack3-0,1669204965.286,0.002346799
eric-bss-cil-database-cd-cil1-rack4-0,1669204965.286,0.01210897
eric-bss-cil-database-cd-cil1-rack1-0,1669204972.286,0.043388627
eric-bss-cil-database-cd-cil1-rack2-0,1669204972.286,0.001629722
eric-bss-cil-database-cd-cil1-rack3-0,1669204972.286,0.001358102
eric-bss-cil-database-cd-cil1-rack4-0,1669204972.286,0.01210897
eric-bss-cil-database-cd-cil1-rack1-0,1669204979.286,0.043388627
eric-bss-cil-database-cd-cil1-rack2-0,1669204979.286,0.001629722
eric-bss-cil-database-cd-cil1-rack3-0,1669204979.286,0.001358102
eric-bss-cil-database-cd-cil1-rack4-0,1669204979.286,0.01210897
eric-bss-cil-database-cd-cil1-rack1-0,1669204986.286,0.043388627
eric-bss-cil-database-cd-cil1-rack2-0,1669204986.286,0.001629722
eric-bss-cil-database-cd-cil1-rack3-0,1669204986.286,0.003379391
eric-bss-cil-database-cd-cil1-rack4-0,1669204986.286,0.01210897
eric-bss-cil-database-cd-cil1-rack1-0,1669204993.286,0.043388627
eric-bss-cil-database-cd-cil1-rack2-0,1669204993.286,0.001629722
eric-bss-cil-database-cd-cil1-rack3-0,1669204993.286,0.003379391
eric-bss-cil-database-cd-cil1-rack4-0,1669204993.286,0.01210897
eric-bss-cil-database-cd-cil1-rack1-0,1669205000.286,0.052066352
eric-bss-cil-database-cd-cil1-rack2-0,1669205000.286,0.001629722
eric-bss-cil-database-cd-cil1-rack3-0,1669205000.286,0.008409007
eric-bss-cil-database-cd-cil1-rack4-0,1669205000.286,0.01210897
eric-bss-cil-database-cd-cil1-rack1-0,1669205007.286,0.052066352
eric-bss-cil-database-cd-cil1-rack2-0,1669205007.286,0.001629722
eric-bss-cil-database-cd-cil1-rack3-0,1669205007.286,0.008409007
eric-bss-cil-database-cd-cil1-rack4-0,1669205007.286,0.01210897
eric-bss-cil-database-cd-cil1-rack1-0,1669205014.286,0.052066352
eric-bss-cil-database-cd-cil1-rack2-0,1669205014.286,0.002346799
eric-bss-cil-database-cd-cil1-rack3-0,1669205014.286,0.01210897
eric-bss-cil-database-cd-cil1-rack4-0,1669205014.286,0.008409007
eric-bss-cil-database-cd-cil1-rack1-0,1669205021.286,0.052066352
eric-bss-cil-database-cd-cil1-rack2-0,1669205021.286,0.002346799
eric-bss-cil-database-cd-cil1-rack3-0,1669205021.286,0.01210897
eric-bss-cil-database-cd-cil1-rack4-0,1669205021.286,0.008409007
eric-bss-cil-database-cd-cil1-rack1-0,1669205028.286,0.052066352
eric-bss-cil-database-cd-cil1-rack2-0,1669205028.286,0.002346799
eric-bss-cil-database-cd-cil1-rack3-0,1669205028.286,0.01210897
eric-bss-cil-database-cd-cil1-rack4-0,1669205028.286,0.008409007
eric-bss-cil-database-cd-cil1-rack1-0,1669205035.286,0.052066352
eric-bss-cil-database-cd-cil1-rack2-0,1669205035.286,0.002346799
eric-bss-cil-database-cd-cil1-rack3-0,1669205035.286,0.01210897
eric-bss-cil-database-cd-cil1-rack4-0,1669205035.286,0.008409007
eric-bss-cil-database-cd-cil1-rack1-0,1669205042.286,0.052066352
eric-bss-cil-database-cd-cil1-rack2-0,1669205042.286,0.002346799
eric-bss-cil-database-cd-cil1-rack3-0,1669205042.286,0.01210897
eric-bss-cil-database-cd-cil1-rack4-0,1669205042.286,0.008409007
eric-bss-cil-database-cd-cil1-rack1-0,1669205049.286,0.052066352
eric-bss-cil-database-cd-cil1-rack2-0,1669205049.286,0.004055269
eric-bss-cil-database-cd-cil1-rack3-0,1669205049.286,0.01210897
eric-bss-cil-database-cd-cil1-rack4-0,1669205049.286,0.008409007
eric-bss-cil-database-cd-cil1-rack1-0,1669205056.286,0.052066352
eric-bss-cil-database-cd-cil1-rack2-0,1669205056.286,0.004055269
eric-bss-cil-database-cd-cil1-rack3-0,1669205056.286,0.01210897
eric-bss-cil-database-cd-cil1-rack4-0,1669205056.286,0.008409007
eric-bss-cil-database-cd-cil1-rack1-0,1669205063.286,0.052066352
eric-bss-cil-database-cd-cil1-rack2-0,1669205063.286,0.004055269
eric-bss-cil-database-cd-cil1-rack3-0,1669205063.286,0.01210897
eric-bss-cil-database-cd-cil1-rack4-0,1669205063.286,0.008409007
eric-bss-cil-database-cd-cil1-rack1-0,1669205070.286,0.052066352
eric-bss-cil-database-cd-cil1-rack2-0,1669205070.286,0.004055269
eric-bss-cil-database-cd-cil1-rack3-0,1669205070.286,0.01210897
eric-bss-cil-database-cd-cil1-rack4-0,1669205070.286,0.004866323
eric-bss-cil-database-cd-cil1-rack1-0,1669205077.286,0.043388627
eric-bss-cil-database-cd-cil1-rack2-0,1669205077.286,0.004055269
eric-bss-cil-database-cd-cil1-rack3-0,1669205077.286,0.003379391
eric-bss-cil-database-cd-cil1-rack4-0,1669205077.286,0.004866323
eric-bss-cil-database-cd-cil1-rack1-0,1669205084.286,0.043388627
eric-bss-cil-database-cd-cil1-rack2-0,1669205084.286,0.004055269
eric-bss-cil-database-cd-cil1-rack3-0,1669205084.286,0.003379391
eric-bss-cil-database-cd-cil1-rack4-0,1669205084.286,0.004866323
eric-bss-cil-database-cd-cil1-rack1-0,1669205091.286,0.043388627
eric-bss-cil-database-cd-cil1-rack2-0,1669205091.286,0.004055269
eric-bss-cil-database-cd-cil1-rack3-0,1669205091.286,0.003379391
eric-bss-cil-database-cd-cil1-rack4-0,1669205091.286,0.004055269
eric-bss-cil-database-cd-cil1-rack1-0,1669205098.286,0.043388627
eric-bss-cil-database-cd-cil1-rack2-0,1669205098.286,0.004055269
eric-bss-cil-database-cd-cil1-rack3-0,1669205098.286,0.003379391
eric-bss-cil-database-cd-cil1-rack4-0,1669205098.286,0.004055269
eric-bss-cil-database-cd-cil1-rack1-0,1669205105.286,0.052066352
eric-bss-cil-database-cd-cil1-rack2-0,1669205105.286,0.001629722
eric-bss-cil-database-cd-cil1-rack3-0,1669205105.286,0.007007506
eric-bss-cil-database-cd-cil1-rack4-0,1669205105.286,0.01210897
eric-bss-cil-database-cd-cil1-rack1-0,1669205112.286,0.052066352
eric-bss-cil-database-cd-cil1-rack2-0,1669205112.286,0.001629722
eric-bss-cil-database-cd-cil1-rack3-0,1669205112.286,0.007007506
eric-bss-cil-database-cd-cil1-rack4-0,1669205112.286,0.01210897
eric-bss-cil-database-cd-cil1-rack1-0,1669205119.286,0.052066352
eric-bss-cil-database-cd-cil1-rack2-0,1669205119.286,0.001358102
eric-bss-cil-database-cd-cil1-rack3-0,1669205119.286,0.007007506
eric-bss-cil-database-cd-cil1-rack4-0,1669205119.286,0.01210897
eric-bss-cil-database-cd-cil1-rack1-0,1669205126.286,0.052066352
eric-bss-cil-database-cd-cil1-rack2-0,1669205126.286,0.001358102
eric-bss-cil-database-cd-cil1-rack3-0,1669205126.286,0.007007506
eric-bss-cil-database-cd-cil1-rack4-0,1669205126.286,0.01210897
eric-bss-cil-database-cd-cil1-rack1-0,1669205133.286,0.052066352
eric-bss-cil-database-cd-cil1-rack2-0,1669205133.286,0.001358102
eric-bss-cil-database-cd-cil1-rack3-0,1669205133.286,0.007007506
eric-bss-cil-database-cd-cil1-rack4-0,1669205133.286,0.01210897
eric-bss-cil-database-cd-cil1-rack1-0,1669205140.286,0.052066352
eric-bss-cil-database-cd-cil1-rack2-0,1669205140.286,0.001358102
eric-bss-cil-database-cd-cil1-rack3-0,1669205140.286,0.007007506
eric-bss-cil-database-cd-cil1-rack4-0,1669205140.286,0.01210897
eric-bss-cil-database-cd-cil1-rack1-0,1669205147.286,0.052066352
eric-bss-cil-database-cd-cil1-rack2-0,1669205147.286,0.001358102
eric-bss-cil-database-cd-cil1-rack3-0,1669205147.286,0.007007506
eric-bss-cil-database-cd-cil1-rack4-0,1669205147.286,0.010090808
eric-bss-cil-database-cd-cil1-rack1-0,1669205154.286,0.052066352
eric-bss-cil-database-cd-cil1-rack2-0,1669205154.286,0.005839588
eric-bss-cil-database-cd-cil1-rack3-0,1669205154.286,0.007007506
eric-bss-cil-database-cd-cil1-rack4-0,1669205154.286,0.010090808
eric-bss-cil-database-cd-cil1-rack1-0,1669205161.286,0.052066352
eric-bss-cil-database-cd-cil1-rack2-0,1669205161.286,0.005839588
eric-bss-cil-database-cd-cil1-rack3-0,1669205161.286,0.007007506
eric-bss-cil-database-cd-cil1-rack4-0,1669205161.286,0.010090808
eric-bss-cil-database-cd-cil1-rack1-0,1669205168.286,0.052066352
eric-bss-cil-database-cd-cil1-rack2-0,1669205168.286,0.004055269
eric-bss-cil-database-cd-cil1-rack3-0,1669205168.286,0.003379391
eric-bss-cil-database-cd-cil1-rack4-0,1669205168.286,0.010090808
eric-bss-cil-database-cd-cil1-rack1-0,1669205175.286,0.052066352
eric-bss-cil-database-cd-cil1-rack2-0,1669205175.286,0.004055269
eric-bss-cil-database-cd-cil1-rack3-0,1669205175.286,0.003379391
eric-bss-cil-database-cd-cil1-rack4-0,1669205175.286,0.010090808
eric-bss-cil-database-cd-cil1-rack1-0,1669205182.286,0.052066352
eric-bss-cil-database-cd-cil1-rack2-0,1669205182.286,0.005839588
eric-bss-cil-database-cd-cil1-rack3-0,1669205182.286,0.003379391
eric-bss-cil-database-cd-cil1-rack4-0,1669205182.286,0.010090808
eric-bss-cil-database-cd-cil1-rack1-0,1669205189.286,0.052066352
eric-bss-cil-database-cd-cil1-rack2-0,1669205189.286,0.005839588
eric-bss-cil-database-cd-cil1-rack3-0,1669205189.286,0.003379391
eric-bss-cil-database-cd-cil1-rack4-0,1669205189.286,0.010090808
eric-bss-cil-database-cd-cil1-rack1-0,1669205196.286,0.052066352
eric-bss-cil-database-cd-cil1-rack2-0,1669205196.286,0.005839588
eric-bss-cil-database-cd-cil1-rack3-0,1669205196.286,0.004055269
eric-bss-cil-database-cd-cil1-rack4-0,1669205196.286,0.010090808
eric-bss-cil-database-cd-cil1-rack1-0,1669205203.286,0.052066352
eric-bss-cil-database-cd-cil1-rack2-0,1669205203.286,0.005839588
eric-bss-cil-database-cd-cil1-rack3-0,1669205203.286,0.004055269
eric-bss-cil-database-cd-cil1-rack4-0,1669205203.286,0.010090808
eric-bss-cil-database-cd-cil1-rack1-0,1669205210.286,0.052066352
eric-bss-cil-database-cd-cil1-rack2-0,1669205210.286,0.005839588
eric-bss-cil-database-cd-cil1-rack3-0,1669205210.286,0.01210897
eric-bss-cil-database-cd-cil1-rack4-0,1669205210.286,0.030130992
eric-bss-cil-database-cd-cil1-rack1-0,1669205217.286,0.052066352
eric-bss-cil-database-cd-cil1-rack2-0,1669205217.286,0.005839588
eric-bss-cil-database-cd-cil1-rack3-0,1669205217.286,0.01210897
eric-bss-cil-database-cd-cil1-rack4-0,1669205217.286,0.030130992
eric-bss-cil-database-cd-cil1-rack1-0,1669205224.286,0.052066352
eric-bss-cil-database-cd-cil1-rack2-0,1669205224.286,0.005839588
eric-bss-cil-database-cd-cil1-rack3-0,1669205224.286,0.01210897
eric-bss-cil-database-cd-cil1-rack4-0,1669205224.286,0.030130992
eric-bss-cil-database-cd-cil1-rack1-0,1669205231.286,0.052066352
eric-bss-cil-database-cd-cil1-rack2-0,1669205231.286,0.005839588
eric-bss-cil-database-cd-cil1-rack3-0,1669205231.286,0.01210897
eric-bss-cil-database-cd-cil1-rack4-0,1669205231.286,0.030130992
eric-bss-cil-database-cd-cil1-rack1-0,1669205238.286,0.052066352
eric-bss-cil-database-cd-cil1-rack2-0,1669205238.286,0.005839588
eric-bss-cil-database-cd-cil1-rack3-0,1669205238.286,0.01210897
eric-bss-cil-database-cd-cil1-rack4-0,1669205238.286,0.03615719
eric-bss-cil-database-cd-cil1-rack1-0,1669205245.286,0.052066352
eric-bss-cil-database-cd-cil1-rack2-0,1669205245.286,0.010090808
eric-bss-cil-database-cd-cil1-rack3-0,1669205245.286,0.01210897
eric-bss-cil-database-cd-cil1-rack4-0,1669205245.286,0.03615719
eric-bss-cil-database-cd-cil1-rack1-0,1669205252.286,0.052066352
eric-bss-cil-database-cd-cil1-rack2-0,1669205252.286,0.010090808
eric-bss-cil-database-cd-cil1-rack3-0,1669205252.286,0.01210897
eric-bss-cil-database-cd-cil1-rack4-0,1669205252.286,0.03615719
eric-bss-cil-database-cd-cil1-rack1-0,1669205259.286,0.052066352
eric-bss-cil-database-cd-cil1-rack2-0,1669205259.286,0.01210897
eric-bss-cil-database-cd-cil1-rack3-0,1669205259.286,0.01210897
eric-bss-cil-database-cd-cil1-rack4-0,1669205259.286,0.03615719
eric-bss-cil-database-cd-cil1-rack1-0,1669205266.286,0.043388627
eric-bss-cil-database-cd-cil1-rack2-0,1669205266.286,0.01210897
eric-bss-cil-database-cd-cil1-rack3-0,1669205266.286,0.01210897
eric-bss-cil-database-cd-cil1-rack4-0,1669205266.286,0.03615719
eric-bss-cil-database-cd-cil1-rack1-0,1669205273.286,0.043388627
eric-bss-cil-database-cd-cil1-rack2-0,1669205273.286,0.01210897
eric-bss-cil-database-cd-cil1-rack3-0,1669205273.286,0.001955666
eric-bss-cil-database-cd-cil1-rack4-0,1669205273.286,0.03615719
eric-bss-cil-database-cd-cil1-rack1-0,1669205280.286,0.043388627
eric-bss-cil-database-cd-cil1-rack2-0,1669205280.286,0.01210897
eric-bss-cil-database-cd-cil1-rack3-0,1669205280.286,0.001955666
eric-bss-cil-database-cd-cil1-rack4-0,1669205280.286,0.03615719
eric-bss-cil-database-cd-cil1-rack1-0,1669205287.286,0.03615719
eric-bss-cil-database-cd-cil1-rack2-0,1669205287.286,0.014530764
eric-bss-cil-database-cd-cil1-rack3-0,1669205287.286,0.001955666
eric-bss-cil-database-cd-cil1-rack4-0,1669205287.286,0.03615719
eric-bss-cil-database-cd-cil1-rack1-0,1669205294.286,0.03615719
eric-bss-cil-database-cd-cil1-rack2-0,1669205294.286,0.014530764
eric-bss-cil-database-cd-cil1-rack3-0,1669205294.286,0.001955666
eric-bss-cil-database-cd-cil1-rack4-0,1669205294.286,0.03615719
